{"cameraMode":{"drawMode":0,"name":"Shaded","section":"Shading Mode"},"sceneLighting":true,"audioPlay":false,"sceneViewState":{"showFog":true,"showMaterialUpdate":false,"showSkybox":true,"showFlares":true,"showImageEffects":true,"showParticleSystems":true},"in2DMode":false,"pivot":{"x":-4.046184539794922,"y":2.0637826919555666,"z":4.5421142578125},"rotation":{"x":0.08484705537557602,"y":0.4114314317703247,"z":-0.038503482937812808,"w":0.9066707491874695},"size":4.7927703857421879,"orthographic":false}