{"cameraMode":{"drawMode":0,"name":"Shaded","section":"Shading Mode"},"sceneLighting":false,"audioPlay":false,"sceneViewState":{"showFog":true,"showMaterialUpdate":false,"showSkybox":false,"showFlares":true,"showImageEffects":true,"showParticleSystems":true},"in2DMode":false,"pivot":{"x":-4.380824565887451,"y":0.04061388969421387,"z":3.237400531768799},"rotation":{"x":0.12495197355747223,"y":0.1264544427394867,"z":-0.016043147072196008,"w":0.9839740991592407},"size":3.414900541305542,"orthographic":false}