{"cameraMode":{"drawMode":0,"name":"Shaded","section":"Shading Mode"},"sceneLighting":true,"audioPlay":false,"sceneViewState":{"showFog":true,"showMaterialUpdate":false,"showSkybox":true,"showFlares":true,"showImageEffects":true,"showParticleSystems":true},"in2DMode":false,"pivot":{"x":-3.204794406890869,"y":0.8695173263549805,"z":1.7961540222167969},"rotation":{"x":0.08463717252016068,"y":0.23969534039497376,"z":-0.020982252433896066,"w":0.9669288992881775},"size":14.54001235961914,"orthographic":false}