{"cameraMode":{"drawMode":0,"name":"Shaded","section":"Shading Mode"},"sceneLighting":false,"audioPlay":false,"sceneViewState":{"showFog":true,"showMaterialUpdate":false,"showSkybox":false,"showFlares":true,"showImageEffects":true,"showParticleSystems":true},"in2DMode":false,"pivot":{"x":-5.1763386726379398,"y":0.43436646461486819,"z":1.7920466661453248},"rotation":{"x":-0.02141823060810566,"y":0.6913936138153076,"z":0.02055741660296917,"w":0.7219096422195435},"size":0.41490083932876589,"orthographic":false}