{"cameraMode":{"drawMode":0,"name":"Shaded","section":"Shading Mode"},"sceneLighting":true,"audioPlay":false,"sceneViewState":{"showFog":true,"showMaterialUpdate":false,"showSkybox":true,"showFlares":true,"showImageEffects":true,"showParticleSystems":true},"in2DMode":false,"pivot":{"x":-49.579742431640628,"y":25.027130126953126,"z":34.106170654296878},"rotation":{"x":0.1207626610994339,"y":-0.8425599336624146,"z":0.21182847023010255,"w":0.480298787355423},"size":329.30126953125,"orthographic":false}