{"cameraMode":{"drawMode":0,"name":"Shaded","section":"Shading Mode"},"sceneLighting":true,"audioPlay":false,"sceneViewState":{"showFog":true,"showMaterialUpdate":false,"showSkybox":true,"showFlares":true,"showImageEffects":true,"showParticleSystems":true},"in2DMode":false,"pivot":{"x":4.02775239944458,"y":-0.09981739521026612,"z":16.32724952697754},"rotation":{"x":-0.04949917644262314,"y":-0.26147571206092837,"z":0.013426306657493115,"w":-0.9638600945472717},"size":16.235904693603517,"orthographic":false}