{"cameraMode":{"drawMode":0,"name":"Shaded","section":"Shading Mode"},"sceneLighting":true,"audioPlay":false,"sceneViewState":{"showFog":true,"showMaterialUpdate":false,"showSkybox":true,"showFlares":true,"showImageEffects":true,"showParticleSystems":true},"in2DMode":false,"pivot":{"x":-9.010942459106446,"y":2.916649103164673,"z":2.110168695449829},"rotation":{"x":-0.09975308924913407,"y":-0.13184332847595216,"z":0.013340231031179428,"w":-0.9861690402030945},"size":0.7385837435722351,"orthographic":false}

