{"cameraMode":{"drawMode":0,"name":"Shaded","section":"Shading Mode"},"sceneLighting":true,"audioPlay":false,"sceneViewState":{"showFog":true,"showMaterialUpdate":false,"showSkybox":true,"showFlares":true,"showImageEffects":true,"showParticleSystems":true},"in2DMode":false,"pivot":{"x":-4.602267742156982,"y":0.3001118302345276,"z":9.568774223327637},"rotation":{"x":-0.09431537985801697,"y":-0.08590938150882721,"z":0.008177153766155243,"w":-0.9918090105056763},"size":0.7460325956344605,"orthographic":false}