{"cameraMode":{"drawMode":0,"name":"Shaded","section":"Shading Mode"},"sceneLighting":false,"audioPlay":false,"sceneViewState":{"showFog":true,"showMaterialUpdate":false,"showSkybox":false,"showFlares":true,"showImageEffects":true,"showParticleSystems":true},"in2DMode":false,"pivot":{"x":608.2649536132813,"y":210.76589965820313,"z":33.162109375},"rotation":{"x":0.04228883981704712,"y":0.021292798221111299,"z":-0.0008802532684057951,"w":0.9989156126976013},"size":615.8388061523438,"orthographic":false}