{"cameraMode":{"drawMode":0,"name":"Shaded","section":"Shading Mode"},"sceneLighting":true,"audioPlay":false,"sceneViewState":{"showFog":true,"showMaterialUpdate":false,"showSkybox":true,"showFlares":true,"showImageEffects":true,"showParticleSystems":true},"in2DMode":false,"pivot":{"x":-0.15542566776275636,"y":1.4618899822235108,"z":10.985857009887696},"rotation":{"x":0.11881311982870102,"y":0.2963694930076599,"z":-0.037161339074373248,"w":0.9469572901725769},"size":1.3578839302062989,"orthographic":false}