{"cameraMode":{"drawMode":0,"name":"Shaded","section":"Shading Mode"},"sceneLighting":true,"audioPlay":false,"sceneViewState":{"showFog":true,"showMaterialUpdate":false,"showSkybox":true,"showFlares":true,"showImageEffects":true,"showParticleSystems":true},"in2DMode":false,"pivot":{"x":14.813340187072754,"y":1.8637070655822755,"z":15.520073890686036},"rotation":{"x":-0.25501549243927,"y":-0.056254323571920398,"z":0.014864044263958931,"w":-0.9651919007301331},"size":6.49892520904541,"orthographic":false}